INSERT INTO proposal_type (proposal_type_Id, name) VALUES
    (1, 'Наукова стаття'),
    (2, 'Тези доповіді'),
    (3, 'Дипломна робота'),
    (4, 'Конкурсна робота');

-- ----------------------------------------------------------------------------
-- direction
-- ----------------------------------------------------------------------------
INSERT INTO direction (direction_Id, name, description) VALUES
    (1, 'Веб-розробка', 'Розробка веб-застосунків та сервісів'),
    (2, 'Штучний інтелект', 'Дослідження та розробка систем штучного інтелекту'),
    (3, 'Кібербезпека', 'Захист інформаційних систем та мереж'),
    (4, 'Мобільна розробка', 'Розробка мобільних додатків для iOS та Android');

-- ----------------------------------------------------------------------------
-- result_type
-- ----------------------------------------------------------------------------
INSERT INTO result_type (result_type_Id, name) VALUES
    (1, 'Стаття у журналі'),
    (2, 'Тези конференції'),
    (3, 'Патент'),
    (4, 'Дипломна робота'),
    (5, 'Конкурсний диплом');

-- ----------------------------------------------------------------------------
-- magazine
-- ----------------------------------------------------------------------------
INSERT INTO magazine (magazine_Id, name, publisher, city, release_frequency, link) VALUES
    (1, 'Вісник ХНТУ', 'ХНТУ', 'Херсон', 'Щоквартально', 'https://visnik.khnu.km.ua'),
    (2, 'Комп\'ютерні науки та інженерія', 'НУ "Львівська Політехніка"', 'Львів', 'Двічі на рік', 'https://csi.lpnu.ua'),
    (3, 'Інформатика та математичні методи в моделюванні', 'ОНПУ', 'Одеса', 'Щоквартально', 'https://immm.net.ua');

-- ----------------------------------------------------------------------------
-- conference
-- ----------------------------------------------------------------------------
INSERT INTO conference (conference_Id, name, approximate_date, host, city, link, online, offline) VALUES
    (1, 'ISCIT 2025', '2025-09-15', 'Харківський НТУ', 'Харків', 'https://iscit2025.org', FALSE, TRUE),
    (2, 'Молодь і прогрес', '2025-05-20', 'КПІ ім. Ігоря Сікорського', 'Київ', 'https://molod-progres.kpi.ua', TRUE, TRUE),
    (3, 'InfoCom 2025', '2025-11-10', 'НТУУ КПІ', 'Київ', 'https://infocom.ntu.ua', TRUE, FALSE);

-- ----------------------------------------------------------------------------
-- competition
-- ----------------------------------------------------------------------------
INSERT INTO competition (competition_Id, name, approximate_date, host, link, conference_Id) VALUES
    (1, 'Всеукраїнська студентська олімпіада з програмування', '2025-04-18', 'МОНУ', 'https://olymp.ntu.ua', NULL),
    (2, 'Best IT Student 2025', '2025-05-20', 'КПІ', 'https://bestit.kpi.ua', 2),
    (3, 'Конкурс наукових робіт молоді', '2025-11-10', 'НТУУ КПІ', 'https://science.ntu.ua', 3);

-- ----------------------------------------------------------------------------
-- proposal  (assumes teacher_Id=1 exists)
-- ----------------------------------------------------------------------------
INSERT INTO proposal (proposal_Id, name, description, status, complexity, teacher_Id, proposal_type_Id, direction_Id) VALUES
    (1, 'Розробка веб-платформи для навчання', 'Платформа для дистанційного навчання студентів', 'Відкрита', 'Середня', 1, 1, 1),
    (2, 'Система виявлення аномалій на основі ML', 'Алгоритм виявлення кіберзагроз за допомогою ML', 'Відкрита', 'Висока', 1, 1, 3),
    (3, 'Дослідження методів оптимізації нейронних мереж', 'Порівняльний аналіз алгоритмів навчання', 'Відкрита', 'Висока', 1, 1, 2),
    (4, 'Мобільний додаток для студентського розкладу', 'Кросплатформний додаток на React Native', 'Відкрита', 'Низька', 1, 3, 4);

-- ----------------------------------------------------------------------------
-- work  (assumes user_Id=1)
-- ----------------------------------------------------------------------------
INSERT INTO work (work_Id, name, status, begining_date, changes_date, review, comment, file, proposal_Id, user_Id) VALUES
    (1, 'Веб-платформа v1.0', 'Активна', '2025-02-01', '2025-03-15', 'Платформа реалізована на React + Node.js', NULL, NULL, 1, 1),
    (2, 'ML-система виявлення аномалій', 'В обробці', '2025-03-01', '2025-03-01', NULL, 'Потребує доопрацювання алгоритму', NULL, 2, 1),
    (3, 'Дослідження оптимізаторів', 'Завершена', '2024-10-01', '2025-01-20', 'Проведено порівняльний аналіз Adam, SGD, RMSProp', NULL, 'reports/optimization_study.pdf', 3, 1),
    (4, 'Мобільний додаток розкладу', 'Відхилена', '2025-01-15', '2025-02-01', NULL, 'Не відповідає технічному завданню', NULL, 4, 1);

-- ----------------------------------------------------------------------------
-- result
-- ----------------------------------------------------------------------------
INSERT INTO result (result_Id, name, year, pages, full_name, status, moderation_comment, work_Id, result_type_Id, magazine_Id, conference_Id, competition_Id) VALUES
    (1, 'Архітектура адаптивної навчальної платформи', 2025, 8, 'Іваненко О.В., Шевченко А.П.', 'Підтверджено', NULL, 1, 1, 1, NULL, NULL),
    (2, 'ML-підхід до виявлення мережевих аномалій', 2025, 5, 'Іваненко О.В.', 'В обробці', NULL, 2, 2, NULL, 1, NULL),
    (3, 'Порівняльний аналіз методів оптимізації ГНМ', 2025, 12, 'Іваненко О.В., Ковальчук М.С.', 'Підтверджено', NULL, 3, 1, 2, NULL, NULL),
    (4, 'Мобільний застосунок управління навчальним розкладом', 2025, 4, 'Іваненко О.В.', 'Відхилено', 'Недостатній рівень новизни', 4, 2, NULL, 2, NULL),
    (5, 'Алгоритм виявлення аномалій у реальному часі', 2025, 6, 'Іваненко О.В.', 'В обробці', NULL, 2, 5, NULL, NULL, 3);